page,depth,topology_id,R_theta,G_theta,B_theta,R_theta_min,R_theta_max,G_theta_min,G_theta_max,B_theta_min,B_theta_max,entropy_R,entropy_G,entropy_B,mean_entanglement_entropy,entropy_range_min,entropy_range_max,measurement_shannon_entropy
1,3,1,4.329328234260684,4.391732972104583,2.0489893361229448,4.163328234260684,4.495328234260684,4.270552972104583,4.512912972104583,1.9809293361229448,2.1170493361229448,0.8012862119201851,0.8228204440801172,0.38364924149686186,0.669251965832388,0.6562234289476057,0.6739835919825007,2.664470058691692
2,4,2,1.9293650045320307,0.5085108946536494,0.20868696710172413,1.7573650045320308,2.1013650045320307,0.3829508946536494,0.6340708946536494,0.13816696710172413,0.2792069671017241,0.9805621922856578,0.5486620775064668,0.9845698896324954,0.8379313864748733,0.7980351017413563,0.924211687577241,2.350784266697305
3,2,3,5.812587081982964,2.9084741243823036,4.651569905260089,5.634587081982964,5.990587081982964,2.7785341243823036,3.0384141243823035,4.578589905260089,4.72454990526009,0.17196518533621266,0.9052467039319407,0.9055243835551915,0.6609120909411149,0.6496821996140069,0.6631488176457921,1.195072458546934
4,3,0,3.4126238522543124,5.308437354110956,2.811267536238872,3.2286238522543123,3.5966238522543126,5.174117354110956,5.442757354110956,2.735827536238872,2.886707536238872,0.2829949648825846,0.3705627614030701,0.45855355698051947,0.3707037610887247,0.3390197941180244,0.4640610014767021,0.8569351480722238
5,4,1,1.0126606225256598,1.4252152766600246,0.9709651672176487,0.8226606225256599,1.2026606225256598,1.2865152766600245,1.5639152766600246,0.8930651672176487,1.0488651672176488,0.3751152807804423,0.6866532362890951,0.6691974018887944,0.5769886396527774,0.4531005262895635,0.6879464925936866,2.227748580364421
6,2,2,4.895882699976593,3.8251785063886805,5.413848105376017,4.699882699976594,5.091882699976593,3.6820985063886806,3.9682585063886804,5.333488105376017,5.494208105376017,0.6849396152264492,0.6466552376913959,0.16411352158882647,0.4985694581688906,0.32179178852109463,0.6498965738006649,1.9157841194196066
7,3,3,2.4959194702479373,6.225141736117333,3.573545736354794,2.2939194702479373,2.697919470247937,6.077681736117333,6.372601736117333,3.490725736354794,3.6563657363547937,0.3200549954943891,0.4562234047967896,0.3858649900158848,0.3873811301023545,0.24189113633190193,0.6767677775251478,2.172027727465092
8,4,0,0.09595624051928452,2.3419196586664,1.733243367333576,-0.1120437594807155,0.30395624051928455,2.1900796586664,2.4937596586664,1.647963367333576,1.8185233673335761,0.3736577738148608,0.330788893643874,0.24178675812466788,0.3154111418611342,0.07324575984510537,0.538717667144,1.7653997865429212
9,2,1,3.979178317970218,4.741882888395053,6.176126305491945,3.765178317970218,4.193178317970218,4.585662888395053,4.898102888395053,6.0883863054919445,6.263866305491945,0.7737767421055022,0.7385801683683986,0.9061150892624893,0.8061573332454633,0.7594671889728538,0.8497604127585993,2.198549718820097
10,3,2,1.579215088241565,0.8586608109441194,4.335823936470721,1.359215088241565,1.799215088241565,0.6980608109441194,1.0192608109441195,4.245623936470721,4.426023936470721,0.8185708353405304,0.7752977019431966,0.8253428062009647,0.8064037811615639,0.7515718426113951,0.9139262490316868,2.76689458863459
11,4,3,5.462437165692498,3.2586240406727778,2.4955215674495035,5.302437165692498,5.6224371656924985,3.1418240406727778,3.375424040672778,2.4299215674495036,2.5611215674495034,0.35554667937658796,0.38009938511385805,0.34482718569824844,0.36015775006289813,0.2954504101742443,0.45397049199386036,2.55109662166943
12,2,0,3.0624739359638453,5.658587270401431,0.6552191984282857,2.8964739359638454,3.2284739359638452,5.537407270401431,5.779767270401431,0.5871591984282857,0.7232791984282857,0.9408971724006857,0.8916694664787532,0.5017354637547736,0.7781007008780709,0.712152613367769,0.8115775425220244,2.0590492145894865
13,3,1,0.6625107062351926,1.7753651929504974,5.098102136586654,0.49051070623519255,0.8345107062351926,1.6498051929504975,1.9009251929504973,5.027582136586654,5.168622136586654,0.6604162515959605,0.38818946617222616,0.5122076194996145,0.5202711124226004,0.4326266575594318,0.5637858873737597,1.7629007009147086
14,4,2,4.545732783686126,4.175328422679151,3.2577997675654253,4.367732783686126,4.723732783686126,4.04538842267915,4.305268422679151,3.1848197675654255,3.330779767565425,0.8702676018897679,0.7030540483771028,0.671269984451158,0.7481972115726764,0.6419220348363409,0.8468334695300345,2.689258343383256
15,2,3,2.145769553957473,0.292106345228217,1.4174973985442074,1.9617695539574729,2.329769553957473,0.157786345228217,0.426426345228217,1.3420573985442075,1.4929373985442074,0.37057716676200647,0.485921451201408,0.6359954444273418,0.4974980207969188,0.3276885517933245,0.6480405714781168,1.128396538727503
16,3,0,6.028991631408406,2.6920695749568697,5.860380336702576,5.838991631408406,6.218991631408406,2.5533695749568697,2.8307695749568698,5.7824803367025766,5.938280336702576,0.5357304568521758,0.6144185069822419,0.4709957649442275,0.5403815762595484,0.39920248350575704,0.6632432698044265,2.2968290669082125
17,4,1,3.6290284016797534,5.092032804685522,4.020077967681358,3.433028401679753,3.8250284016797536,4.948952804685522,5.235112804685523,3.9397179676813576,4.100437967681358,0.4744107653479687,0.20429918661217636,0.538256825746629,0.4056555925689247,0.4054942733643127,0.4806811804307549,2.4286878155654836
18,2,2,1.2290651719511005,1.2088107272345894,2.1797755986601404,1.0270651719511006,1.4310651719511005,1.0613507272345895,1.3562707272345893,2.0969555986601405,2.2625955986601403,0.9286729540538505,0.922277049070989,0.46865139220960317,0.773200465111481,0.6877272999931866,0.7952334837149463,2.047398944937711
19,3,3,5.1122872494020335,3.608773956963248,0.33947322963891147,4.904287249402033,5.320287249402034,3.456933956963248,3.760613956963248,0.25419322963891144,0.4247532296389115,0.4177605583734607,0.5829886170557341,0.5142982498280266,0.5050158084190738,0.5043349596160337,0.5703521251810821,1.968712532644942
20,4,0,2.712324019673381,6.008737186691901,4.78235616779728,2.498324019673381,2.926324019673381,5.852517186691901,6.164957186691901,4.69461616779728,4.87009616779728,0.4161673834283449,0.8051681953406804,0.693929965331707,0.6384218480335775,0.5427979489855989,0.74594806436186,2.694563149294475
21,2,1,0.31236078994472816,2.1255151092409617,2.942053798776062,0.09236078994472816,0.5323607899447281,1.9649151092409616,2.2861151092409617,2.8518537987760624,3.032253798776062,0.2934807836680188,0.06730301815943457,0.2970928104439958,0.21929220409048308,0.16886965853466332,0.3242873395296912,2.064194401961359
22,3,2,4.195582867395662,4.525478338969626,1.1017514297548445,4.035582867395662,4.355582867395662,4.408678338969627,4.642278338969626,1.0361514297548444,1.1673514297548446,0.4450499914229268,0.44385359725779494,0.04164385395127529,0.31018248087733236,0.09334976099329383,0.5236609521219552,1.7202102118371592
23,4,3,1.7956196376670086,0.6422562615186925,5.5446343679132015,1.6296196376670087,1.9616196376670085,0.5210762615186926,0.7634362615186925,5.4765743679132015,5.6126943679132015,0.5330484002946502,0.19489147378717345,0.5339292190050156,0.4206230310289463,0.20334038784735975,0.6548751765197333,2.1661771339435214
24,2,0,5.678841715117942,3.0422194912473453,3.704331998891995,5.506841715117942,5.850841715117942,2.916659491247345,3.1677794912473454,3.633811998891995,3.7748519988919953,0.9673948196685356,0.8689133611148818,0.9757847523472175,0.9373643110435449,0.8993473701526838,0.9495887979420766,2.2385443650575447
25,3,1,3.278878485389289,5.442182720975999,1.8640296298707661,3.100878485389289,3.456878485389289,5.312242720975998,5.572122720975999,1.791049629870766,1.9370096298707662,0.6389159172097617,0.8821258084673852,0.8728490171801506,0.7979635809524325,0.732232652416699,0.8571287401839037,2.2719531623815334
26,4,2,0.8789152556606473,1.558960643525065,0.023727260849559624,0.6949152556606473,1.0629152556606474,1.424640643525065,1.693280643525065,-0.05171273915044037,0.09916726084955962,0.6483593822622601,0.45351557340091314,0.468059745551493,0.5233115670715555,0.45659640436470955,0.6048350679016231,2.1335297900382657
27,2,3,4.762137333111592,3.9589238732537178,4.466610199007917,4.572137333111591,4.952137333111592,3.8202238732537177,4.097623873253718,4.388710199007917,4.544510199007917,0.5282882444914917,0.9234429155304862,0.9369530519642513,0.7962280706620763,0.7440156867831876,0.8435072729046279,1.922886816206556
28,3,0,2.362174103382928,0.07570179580278452,2.626307829986688,2.166174103382928,2.558174103382928,-0.06737820419721549,0.21878179580278453,2.545947829986688,2.706667829986688,0.24845140370594657,0.22380836877211527,0.2775758976469943,0.2499452233750187,0.11661724816896868,0.5137444428596517,2.1254445713247185
29,4,1,6.24539618083385,2.475665025531426,0.7860054609654814,6.04339618083385,6.44739618083385,2.328205025531426,2.6231250255314262,0.7031854609654814,0.8688254609654814,0.926811379022709,0.9100116405938792,0.8233230598556995,0.8867153598240959,0.8776381588226835,0.8924913364379153,2.591407480271141
30,2,2,3.845432951105208,4.87562825526009,5.228888399123838,3.637432951105208,4.053432951105208,4.72378825526009,5.02746825526009,5.143608399123838,5.314168399123838,0.941515479668336,0.9010059196866587,0.9953009047914272,0.9459407680488073,0.8905254024715413,0.9574760725117537,2.1841385196726275
31,3,3,1.4454697213765666,0.9924061778091681,3.388586030102632,1.2314697213765666,1.6594697213765666,0.836186177809168,1.148626177809168,3.300846030102632,3.476326030102632,0.8823858637344666,0.6651447627793214,0.9421439441072118,0.8298915235403332,0.5950465721519137,0.9044135155373346,1.9257873205483
32,4,0,5.328691798827489,3.3923694075378097,1.5482836610814033,5.108691798827489,5.548691798827488,3.2317694075378096,3.5529694075378098,1.4580836610814032,1.6384836610814033,0.5016595524464903,0.6529629676606852,0.4694319207293681,0.5413514802788478,0.33639327719037126,0.6864161184960547,2.4013815420352733
33,2,1,2.9287285690988245,5.792332637266463,5.991166599239761,2.7687285690988244,3.0887285690988247,5.675532637266463,5.909132637266462,5.925566599239761,6.056766599239761,0.5625399696431838,0.8637301539535807,0.9326168218084795,0.7862956484684146,0.7163054270045315,0.8380512452261376,2.483124243138983
34,3,2,0.5287653393701829,1.9091105598155294,4.150864230218554,0.36276533937018285,0.6947653393701829,1.7879305598155293,2.0302905598155294,4.082804230218554,4.218924230218554,0.746175439250383,0.6634991436358793,0.3291302554110697,0.5796016127657774,0.4862011793396593,0.6543950281406198,2.0177863690687285
35,4,3,4.411987416821128,4.309073789544193,2.310561861197325,4.239987416821128,4.583987416821127,4.183513789544193,4.434633789544193,2.2400418611973247,2.381081861197325,0.6671750946200478,0.6587649707302201,0.3618695943520132,0.5626032199007603,0.4322507419503427,0.6462927467785623,2.1189350469552273
36,2,0,2.0120241870924636,0.4258517120932489,0.4702594921761184,1.8340241870924636,2.1900241870924635,0.2959117120932489,0.555791712093249,0.3972794921761184,0.5432394921761183,0.8276745486668576,0.9785872905546709,0.8455103030824611,0.8839240474346631,0.8203522505089035,0.9062628805075308,1.927571927684308
37,3,1,5.895246264543386,2.8258149418219016,4.913142430334475,5.7112462645433855,6.079246264543386,2.691494941821902,2.9601349418219014,4.837702430334475,4.988582430334476,0.21911750985459122,0.47301077054096174,0.44112192647401577,0.3777500689565229,0.3628001773236625,0.47805771573252215,1.736531900084941
38,4,2,3.4952830348147437,5.225778171550566,3.0728400613132467,3.3052830348147437,3.6852830348147436,5.087078171550566,5.364478171550566,2.9949400613132466,3.150740061313247,0.836727392778172,0.8956476301520115,0.8097478086097749,0.8473742771799863,0.8473015806020617,0.8523835852634637,2.5237759922228165
39,2,3,1.0953198050861022,1.3425560940996326,1.2325376922920401,0.8993198050861022,1.2913198050861021,1.1994760940996325,1.4856360940996327,1.1521776922920401,1.3128976922920401,0.4221632866181129,0.5455929754907982,0.4730353560105929,0.48026387270650134,0.4476998554175358,0.5296128136305767,2.0406996032614866
40,3,0,4.978541882537025,3.7425193238282852,5.675420630450398,4.776541882537025,5.180541882537025,3.595059323828285,3.8899793238282854,5.592600630450398,5.7582406304503975,0.5767233017961596,0.9319610273060623,0.9442841260893435,0.8176561517305219,0.797382919263749,0.823652276274359,1.9125289514424313
41,4,1,2.57857865280836,6.142482553556927,3.8351182614291908,2.37057865280836,2.7865786528083603,5.990642553556927,6.294322553556927,3.7498382614291907,3.920398261429191,0.6148954249791138,0.5694661168336159,0.49003103963672195,0.5581308604831506,0.39509013963944,0.6706272265269524,2.52402220935695
42,2,2,0.17861542307971853,2.259260476105994,1.994815892407962,-0.03538457692028146,0.39261542307971853,2.103040476105994,2.415480476105994,1.907075892407962,2.082555892407962,0.9795746563849843,0.9826211461263845,0.33822532297679864,0.7668070418293892,0.7365554908584903,0.7684285546992223,2.4159229933652617
43,3,3,4.061837500530663,4.659223705834658,0.15451352338673302,3.8418375005306626,4.281837500530663,4.4986237058346585,4.819823705834658,0.06431352338673303,0.24471352338673302,0.7966701796065814,0.9294119288090846,0.6931116011422348,0.8063979031859669,0.662463706285608,0.807491056989376,2.554864590507697
44,4,0,1.661874270801999,0.7760016283837357,4.597396461545113,1.501874270801999,1.8218742708019988,0.6592016283837356,0.8928016283837357,4.531796461545113,4.662996461545113,0.06283332033128315,0.14174165672128355,0.15620036873485135,0.12025844859580603,0.10924919612230032,0.22401293842896194,1.5760872503307175
45,2,1,5.545096348252921,3.175964858112377,2.7570940925238836,5.37909634825292,5.711096348252921,3.0547848581123773,3.297144858112377,2.6890340925238836,2.8251540925238836,0.5780728327140052,0.24616033021721156,0.6151194803739399,0.4797842144350522,0.4119915342633032,0.5455597547628602,1.5152515466240428
46,3,2,3.1451331185242792,5.575928087841041,0.9167917235026548,2.973133118524279,3.3171331185242794,5.450368087841041,5.701488087841041,0.8462717235026548,0.9873117235026548,0.8901100590048241,0.8342412194627795,0.4187031459812493,0.7143514748162842,0.6147142968986447,0.8054697999249102,2.7439700082198906
47,4,3,0.7451698887956377,1.6927060103900968,5.359674661661057,0.5671698887956378,0.9231698887956377,1.5627660103900969,1.8226460103900968,5.286694661661056,5.432654661661057,0.8345677544765306,0.7594480440947857,0.8868880466737122,0.8269679484150095,0.6489604991573076,0.8729158901391009,2.7974203589336297
48,2,0,4.62839196624656,4.092669240118761,3.5193722926398276,4.44439196624656,4.81239196624656,3.9583492401187614,4.226989240118761,3.4439322926398277,3.5948122926398276,0.7364477880119791,0.4068635853687979,0.6182103908299015,0.5871739214035595,0.5175522218299845,0.6610800750839022,2.629119126157729
49,3,1,2.2284287365178956,0.20944716266781646,1.6790699236185989,2.0384287365178957,2.4184287365178956,0.07074716266781647,0.3481471626678164,1.6011699236185988,1.756969923618599,0.009978163266815101,0.0014943223241909356,0.009682183278754678,0.0070515562899202385,0.0028412974862056413,0.12382905905803432,1.1118640067836922
50,4,2,6.111650813968841,2.6094103923964806,6.121952861776956,5.915650813968841,6.3076508139688405,2.4663303923964808,2.7524903923964805,6.041592861776956,6.202312861776956,0.774135098311738,0.5762650730165383,0.7607686280603196,0.7037229331295319,0.599532929112497,0.7836808217828093,2.201197473714716
